taxon_id,taxon_rank,scientific_name,assembly_id,bioproject,ucsc_assembly_name,refseq_accession,assembly_name,assembly_id,order,class,busco_completeness,assembly_level,assembly_span,contig_n50,scaffold_n50,contig_l50,scaffold_l50,contig_count,scaffold_count,chromosome_count,n_percent,assembly_status,biosample_representative,V25,last_updated,sample_sex,assembly_type,refseq_category,submitter,ebp_standard_criteria,V32
7748,species,Lampetra fluviatilis,GCA_030220065.1,,,,ASM3022006v1,GCA_030220065.1,Petromyzontiformes,Hyperoartia,NA,Scaffold,1'039'747'090,2'371,2'551,97'282,89'424,1'310'481,1'292'243,,,,primary,,2023-06-07,not determined,haploid,,Faculty of Sciences from the University of Lisbon,,
7757,species,Petromyzon marinus,GCA_002833325.1,,,,Pmar_germline 1.0,GCA_002833325.1,Petromyzontiformes,Hyperoartia,NA,Scaffold,1'130'417'696,170'712,11'932'523,1'431,34,24'392,12'061,,,,primary,,2017-12-11,male,haploid,,University of Kentucky,,
7769,species,Myxine glutinosa,GCA_040869285.1,,,GCF_040869285.1,UKY_Mglu_1.0,GCA_040869285.1,Myxiniformes,Myxini,NA,Chromosome,3'829'258'836,847'554,156'894'492,1'391,9,9'145,4'269,14,,primary,primary,,2024-07-30,hermaphrodite,haploid,,University of Kentucky,,
7888,species,Protopterus annectens,GCA_019279795.1,,,GCF_019279795.1,PAN1.0,GCA_019279795.1,Ceratodontiformes,,40054324612,1603140,1974114035,6864,11,74227,12667,27,,primary,primary,Chromosome,2021-07-20,male,haploid,,Northwestern Polytechnical University,6.7;6.C,,7888,species
7897,species,Latimeria chalumnae,GCA_000225785.1,,,GCF_000225785.1,LatCha1,GCA_000225785.1,Coelacanthiformes,,NA,Scaffold,2'860'575'514,12'671,924'513,50'768,830,291'828,22'818,,,primary,primary,,2011-09-12,,haploid,,Broad Institute,,
7906,species,Acipenser ruthenus,GCA_010645085.2,,,GCF_010645085.2,ASM1064508v2,GCA_010645085.2,Acipenseriformes,Actinopteri,NA,Chromosome,1'825'170'888,602'209,42'361'471,832,12,9'606,3'367,60,,primary,primary,,2020-02-19,,haploid,,University of Wuerzburg,,
7918,species,Lepisosteus oculatus,GCA_000242695.1,,,GCF_000242695.1,LepOcu1,GCA_000242695.1,Semionotiformes,Actinopteri,91.4,Chromosome,945'861'706,68'337,6'928'108,3'307,45,45'199,2'105,29,8.08,primary,primary,,2012-01-13,,haploid,,Broad Institute,,
7924,species,Amia calva,GCA_017591415.1,,,,AmiCal1,GCA_017591415.1,Amiiformes,Actinopteri,NA,Chromosome,831'002'832,21'103,41'163'702,10'038,9,76'890,1'957,23,,,primary,,2021-03-30,male,haploid,,Michigan State University,,
7936,species,Anguilla anguilla,GCA_000695075.1,PRJNA73577,,,Anguilla_anguilla_v1_09_nov_10,GCA_000695075.1,Anguilliformes,Actinopteri,65.4,Scaffold,1'018'701'900,2'544,59'657,84'717,2'979,865'467,501'148,,13.17,,primary,,2014-05-20,female,haploid,,ZF-screens B.V.,,
7955,species,Danio rerio,GCA_008692375.1,,,,ASM869237v1,GCA_008692375.1,Cypriniformes,Actinopteri,NA,Chromosome,1'306'177'993,416'828,50'576'722,766,12,7'216,149,25,,,primary,,2019-10-07,male,haploid,,Harvard University,,
7994,species,Astyanax mexicanus,GCA_004802775.1,PRJNA533584,,,Astyanax_mexicanus-1.0.2,GCA_004802775.1,Characiformes,Actinopteri,92,Scaffold,1'191'242'572,14'739,1'775'308,16'919,185,121'345,10'735,,19.06,,primary,,2019-04-22,female,haploid,,Aquatic Genome Models,,
8005,species,Electrophorus electricus,GCA_003665695.2,,,GCF_003665695.1,Ee_SOAP_WITH_SSPACE,GCA_003665695.2,Gymnotiformes,Actinopteri,NA,Scaffold,551'880'868,37'141,613'956,3'868,238,47'652,8'786,,,primary,primary,,2018-10-30,not determined,haploid,,University of Wisconsin Madison,,
8010,species,Esox lucius,GCA_000721915.3,PRJNA221548,,GCF_000721915.3,Eluc_V3,GCA_000721915.3,Esociformes,Actinopteri,96.2,Chromosome,904'480'558,125'635,7'945'253,1'991,29,18'749,1'210,25,1.35,primary,primary,,2017-01-18,male,haploid,,Ben F Koop, Jong S Leong,,
8049,species,Gadus morhua,GCA_900302565.1,PRJEB12469,,,ASM90030256v1,GCA_900302565.1,Gadiformes,Actinopteri,67.3,Scaffold,495'065'230,5'765,16'818,24'600,7'789,131'183,52'137,,0.41000000000000000,,primary,,2018-03-20,,haploid,,CEES,,
8103,species,Cyclopterus lumpus,GCA_021186565.1,,,,lmpF_NL,GCA_021186565.1,Perciformes,Actinopteri,NA,Scaffold,577'597'370,890'282,23'702'771,138,11,4'053,598,,,,primary,,2021-12-14,female,haploid,,Memorial University of Newfoundland,,
8175,species,Sparus aurata,GCA_003309015.1,,,,ASM330901v1,GCA_003309015.1,Spariformes,Actinopteri,NA,Chromosome,830'381'975,32'411,20'611'436,6'396,18,66'867,34'642,24,,,primary,,2018-07-19,not applicable,haploid,,University of Padova,,
8177,species,Acanthopagrus latus,GCA_013436515.1,,,,ASM1343651v1,GCA_013436515.1,Spariformes,Actinopteri,NA,Chromosome,806'072'371,1'174'323,30'688'393,187,12,7'260,4'265,24,,,primary,,2020-07-23,female,haploid,,South China Sea Fisheries Research Institute,6.7;6.C,
8236,species,Thunnus albacares,GCA_900302625.1,PRJEB12469,,,ASM90030262v1,GCA_900302625.1,Scombriformes,Actinopteri,86.5,Scaffold,728'212'003,16'808,46'920,12'005,4'284,84'919,38'995,,0.21,,primary,,2018-03-21,,haploid,,CEES,,
8237,species,Thunnus thynnus,GCA_003231725.1,PRJNA432036,,,GBYP_Tthy_1.0,GCA_003231725.1,Scombriformes,Actinopteri,37.7,Scaffold,648'208'697,2'430,3'045,75'613,60'026,450'338,354'425,,0.43,,primary,,2018-06-15,not determined,haploid,,Alessia Cariani's shared submissions,,
8240,species,Thunnus maccoyii,GCA_025435535.1,,,,ASM2543553v1,GCA_025435535.1,Scombriformes,Actinopteri,NA,Scaffold,797'592'614,78'131,3'412'031,2'806,68,57'293,28'071,,,,primary,,2022-09-27,not determined,haploid,,BGI,,
8260,species,Platichthys flesus,GCA_029874915.1,,,,ASM2987491v1,GCA_029874915.1,Pleuronectiformes,Actinopteri,NA,Scaffold,566'685'445,4'608,4'769,33'280,32'137,342'363,337'425,,,,primary,,2023-04-26,not determined,haploid,,Faculty of Sciences from the University of Lisbon,,
8262,species,Pleuronectes platessa,GCA_902825255.1,,,,plePla_genome_ann,GCA_902825255.1,Pleuronectiformes,Actinopteri,NA,Scaffold,583'260'484,276'677,279'876,635,627,4'575,4'512,,,,primary,,2023-01-09,female,haploid,,Thuenen-Institute of Fisheries Ecology,,
8284,species,Squalius cephalus,GCA_029874105.1,,,,ASM2987410v1,GCA_029874105.1,Cypriniformes,Actinopteri,NA,Scaffold,885'927'358,1'835,1'915,117'376,111'964,1'144'267,1'131'934,,,,primary,,2023-04-26,not determined,haploid,,Faculty of Sciences from the University of Lisbon,,
8407,species,Rana temporaria,GCA_009802015.1,,,,UCB_Rtem_1.0,GCA_009802015.1,Anura,Amphibia,NA,Scaffold,4'282'724'626,2'889,49'315,219'854,22'402,1'319'014,398'602,,,,primary,,2019-12-27,not determined,haploid,,University of California, Berkeley,,
8439,species,Ascaphus truei,GCA_036426205.1,,,,UCB_Atru_1.0,GCA_036426205.1,Anura,Amphibia,NA,Chromosome,3'101'746'330,164'230,76'695'647,4'627,8,128'214,107'521,22,,,primary,,2024-02-07,male,haploid,,University of California, Berkeley,,
8467,species,Caretta caretta,GCA_965117115.1,,,,CarCar_QM_v1.21.12_Sc,GCA_965117115.1,Testudines,,NA,Chromosome,2'145'737'358,5'360'101,129'734'102,121,5,1'811,726,28,,,primary,,2025-01-24,female,haploid,,Queen Mary University of London,6.7;6.C,
8469,species,Chelonia mydas,GCA_000344595.1,,,GCF_000344595.1,CheMyd_1.0,GCA_000344595.1,Testudines,,NA,Scaffold,2'208'393'880,29'240,3'864'108,21'095,158,274'366,140'022,,,primary,primary,,2013-03-18,,haploid,,BGI,,
8496,species,Alligator mississippiensis,GCA_000281125.4,,,GCF_000281125.3,ASM28112v4,GCA_000281125.4,Crocodylia,,NA,Scaffold,2'161'713'562,16'665,18'600'682,37'733,34,243'734,7'093,,,primary,primary,,2016-03-28,,haploid,,International Crocodilian Genomes Working Group,,
8524,species,Zootoca vivipara,GCA_011800845.1,,,GCF_011800845.1,UG_Zviv_1,GCA_011800845.1,Squamata,Lepidosauria,NA,Chromosome,1'464'283'545,219'893,92'810'032,1'762,7,43'101,25'251,19,,primary,primary,,2020-04-01,female,haploid,,University of Glasgow,,
8790,species,Dromaius novaehollandiae,GCA_003342905.1,PRJNA433110,,GCF_003342905.1,droNov1,GCA_003342905.1,Casuariiformes,Aves,96.8,Scaffold,1'192'237'364,172'131,3'305'683,1'940,112,19'741,2'777,,0.99,primary,primary,,2018-07-26,male,haploid,,Harvard University,,
8795,species,Rhea pennata,GCA_003342835.1,PRJNA433110,GCA_003342835.1,,rhePen1,GCA_003342835.1,Rheiformes,Aves,96.7,Scaffold,1'168'291'008,68'142,3'903'569,5'090,87,35'690,3'019,,1.35,,primary,,2018-07-26,male,haploid,,Harvard University,,
8805,species,Eudromia elegans,GCA_003342815.1,PRJNA433110,,,eudEle1,GCA_003342815.1,Tinamiformes,Aves,96.4,Scaffold,955'514'612,126'242,3'261'870,2'183,82,18'800,2'364,,1.02,primary,primary,,2018-07-26,male,haploid,reference genome,Harvard University,,
8839,species,Anas platyrhynchos,GCA_030704485.1,,,,NAwild_v1.0,GCA_030704485.1,Anseriformes,Aves,NA,Chromosome,1'045'548'955,42'971,79'203'680,6'788,4,55'944,2'459,30,,,primary,,2023-08-14,male,haploid,,University of Texas at El paso,,
8843,species,Anser anser,GCA_049942455.1,,,,ASM4994245v1,GCA_049942455.1,Anseriformes,Aves,NA,Scaffold,1'148'012'556,42'433,42'432'072,7'289,6,148'059,97'949,,,,primary,,2025-04-26,not determined,haploid,,Iridian Genomes,,
8845,species,Anser cygnoides,GCA_002166845.1,PRJNA253976,,GCF_002166845.1,GooseV1.0,GCA_002166845.1,Anseriformes,Aves,94.8,Scaffold,1'130'276'682,35'039,5'027'881,8'873,71,64'862,1'801,,0,primary,primary,,2017-06-02,not determined,haploid,,Poultry Science Institute,,
8853,species,Branta canadensis,GCA_006130075.1,PRJNA524684,GCA_006130075.1,,GSC_cangoose_1.0,GCA_006130075.1,Anseriformes,Aves,97,Scaffold,1'153'386'549,220'846,15'516'710,1'343,21,29'793,14'961,,1.6300000000000000,primary,primary,,2019-06-05,not determined,haploid,reference genome,Canada's Genomic Enterprise,,
8905,species,Podargus strigoides,GCA_013399755.1,PRJNA545868,,,ASM1339975v1,GCA_013399755.1,Caprimulgiformes,Aves,86.4,Scaffold,1'138'406'061,80'636,176'118,3'567,1'502,177'027,158'535,,0.58,,primary,,2020-07-10,female,haploid,,B10K Consortium,,
8932,species,Columba livia,GCA_000337935.2,PRJNA167554,,,Cliv_2.1,GCA_000337935.2,Columbiformes,Aves,96.7,Scaffold,1'108'534'737,26'627,14'233'134,12'120,17,107'177,15'057,,1.87,,primary,,2017-12-13,male,haploid,,BGI,,
8954,species,Falco peregrinus,GCA_001887755.1,PRJNA347893,,,falPer2,GCA_001887755.1,Falconiformes,Aves,91.8,Chromosome,1'112'064'469,33'994,26'776'924,9'833,12,60'351,72,19,1.16,,primary,,2016-12-02,male,haploid,,Royal Veterinary College,,
8957,species,Astur gentilis,GCA_012487025.1,,,,Agentilis_1.0,GCA_012487025.1,Accipitriformes,Aves,NA,Scaffold,1'179'252'740,67'032,150'919,4'835,2'152,57'920,25'797,,,,primary,,2020-04-08,,haploid,,Environmental Genomics Office, Center for Enviromental Biology and Ecosystem Studies, National Institute for Environmental Studies,,
8969,species,Haliaeetus albicilla,GCA_013398555.1,,,,ASM1339855v1,GCA_013398555.1,Accipitriformes,Aves,NA,Scaffold,1'222'690'830,134'899,4'551'471,2'625,78,31'032,6'418,,,,primary,,2020-07-10,male,haploid,,B10K Consortium,,
9031,species,Gallus gallus,GCA_002798355.1,,,,Ogye1.0,GCA_002798355.1,Galliformes,Aves,NA,Chromosome,1'021'005'462,639'813,90'110'113,451,4,7'721,1'821,30,,,primary,,2017-12-05,female,haploid,,Hanyang University,,
9117,species,Grus americana,GCA_013390085.1,PRJNA545868,,,ASM1339008v1,GCA_013390085.1,Gruiformes,Aves,88.8,Scaffold,1'155'476'187,46'954,266'481,6'717,1'194,95'099,33'501,,1.08,,primary,,2020-07-06,female,haploid,,B10K Consortium,,
9209,species,Phalacrocorax carbo,GCA_000708925.1,PRJNA212903,,GCF_000708925.1,ASM70892v1,GCA_000708925.1,Suliformes,Aves,87.4,Scaffold,1'138'967'842,17'343,48'427,19'360,6'715,162'787,64'312,,0.7000000000000000,primary,primary,,2014-06-17,male,haploid,,BGI,,
9218,subspecies,Phoenicopterus ruber,GCA_000687265.1,PRJNA212904,,,ASM68726v1,GCA_000687265.1,Phoenicopteriformes,Aves,82.2,Scaffold,1'132'184'511,20'262,38'071,16'707,8'592,137'480,76'189,,0.39,,primary,,2014-05-08,male,haploid,,BGI,,
9226,species,Ara ararauna,GCA_010014805.2,,,,ASM1001480v2,GCA_010014805.2,Psittaciformes,Aves,NA,Scaffold,1'126'530'298,17'967,18'274,18'080,17'774,231'739,230'118,,,,primary,,2023-07-20,unknown,haploid,,IRIDIAN GENOMES,,
9240,species,Spheniscus humboldti,GCA_023170095.1,,,,Spheniscus_humboldti_v01,GCA_023170095.1,Sphenisciformes,Aves,NA,Scaffold,1'221'488'984,44'460,62'923,7'573,5'189,89'734,56'372,,,,primary,,2022-04-01,,haploid,,Center for Research and Education of Wildlife, Kyoto City Zoo,,
9258,species,Ornithorhynchus anatinus,GCA_000002275.2,PRJNA12885,,,ASM227v2,GCA_000002275.2,Monotremata,Mammalia,71.3,Chromosome,1'996'809'494,11'544,991'605,39'593,182,445'367,201'524,19,7.74,,primary,,2007-02-14,female,haploid,,Washington University (WashU),,
9261,species,Tachyglossus aculeatus,GCA_015598185.1,,,,mTacAcu1,GCA_015598185.1,Monotremata,Mammalia,NA,Chromosome,2'168'405'530,25'012,38'566'698,19'795,18,472'589,318'768,5,,,primary,,2020-11-19,male,haploid,,BGI,,
9301,species,Sminthopsis crassicaudata,GCA_048593235.1,,GCA_048593235.1,,ASM4859323v1,GCA_048593235.1,Dasyuromorphia,Mammalia,NA,Chromosome,3'239'981'553,4'359'487,656'909'261,185,3,1'890,7,7,,primary,primary,,2025-03-17,female,haploid,reference genome,University of Connecticut,6.7;6.C,
9305,species,Sarcophilus harrisii,GCA_007988765.1,,,,SarHar_Dovetail_2.0,GCA_007988765.1,Dasyuromorphia,Mammalia,NA,Scaffold,3'177'401'896,20'124,7'751'297,44'706,129,238'513,10'009,,,,primary,,2019-08-12,female,haploid,,Washington State University,,
9361,species,Dasypus novemcinctus,GCA_000208655.4,,,GCF_000208655.3,Dasnov3.2,GCA_000208655.4,Cingulata,Mammalia,NA,Scaffold,3'631'306'433,26'278,1'687'935,37'250,568,314'787,46'379,,,primary,primary,,2012-01-06,female,haploid,,Baylor College of Medicine,,
9365,species,Erinaceus europaeus,GCA_000296755.1,,GCA_000296755.1,GCF_000296755.1,EriEur2.0,GCA_000296755.1,Eulipotyphla,Mammalia,NA,Scaffold,2'715'703'478,21'359,3'264'618,31'120,249,225'566,5'802,,,primary,primary,,2012-09-19,,haploid,,Broad Institute,,
9407,species,Rousettus aegyptiacus,GCA_015472805.1,,,,rouAeg_1.0,GCA_015472805.1,Chiroptera,Mammalia,NA,Scaffold,1'898'981'941,120'632,37'187'087,4'253,17,55'003,4'947,,,,primary,,2020-10-30,,haploid,,Comparative Genomics Laboratory, Center for Information Biology, National Institute of Genetics,,
9430,species,Desmodus rotundus,GCA_002940915.3,,,GCF_002940915.2,ASM294091v3,GCA_002940915.3,Chiroptera,Mammalia,NA,Scaffold,2'063'523'408,80'278,26'869'735,6'949,26,83'363,29'117,,,primary,primary,,2018-02-23,male,haploid,,University of Copenhagen,,
9433,species,Miniopterus schreibersii,GCA_004026525.1,,GCA_004026525.1,,MinSch_v1_BIUU,GCA_004026525.1,Chiroptera,Mammalia,NA,Scaffold,1'775'846'775,82'539,108'707,6'368,4'781,184'538,177'620,,,,primary,,2019-01-16,missing,haploid,,Broad Institute,,
9438,species,Tadarida brasiliensis,GCA_004025005.1,,GCA_004025005.1,,TadBra_v1_BIUU,GCA_004025005.1,Chiroptera,Mammalia,NA,Scaffold,2'709'928'648,22'617,24'311,28'355,25'996,1'071'858,1'067'615,,,,primary,,2019-01-15,missing,haploid,,Broad Institute,,
9440,species,Antrozous pallidus,GCA_007922775.1,PRJNA399351,,,AntPal_v1_BIUU,GCA_007922775.1,Chiroptera,Mammalia,49.9,Scaffold,2'597'469'403,13'442,13'958,42'767,40'777,905'784,902'551,,0.01,,primary,,2019-08-08,missing,haploid,,Broad Institute,,
9447,species,Lemur catta,GCA_004024665.1,,GCA_004024665.1,,LemCat_v1_BIUU,GCA_004024665.1,Primates,Mammalia,NA,Scaffold,2'298'449'872,158'439,215'715,4'091,2'945,580'026,575'427,,,,primary,,2019-01-15,male,haploid,,Broad Institute,,
9470,species,Nycticebus coucang,GCA_963573995.1,,,,PGDP_NycCou,GCA_963573995.1,Primates,Mammalia,NA,Scaffold,2'566'797'054,10'276,10'277,72'599,72'592,416'288,415'864,,,,primary,,2023-10-31,missing,haploid,,IBE(CSIC-UNIVERSITAT POMPEU FABRA),,
9483,species,Callithrix jacchus,GCA_002754865.1,,GCA_002754865.1,,ASM275486v1,GCA_002754865.1,Primates,Mammalia,NA,Scaffold,2'845'375'248,155'284,129'239'660,5'014,9,88'439,39'944,,,,primary,,2017-11-06,female,haploid,,Broad Institute,,
9541,species,Macaca fascicularis,GCA_000364345.1,,GCA_000364345.1,GCF_000364345.1,Macaca_fascicularis_5.0,GCA_000364345.1,Primates,Mammalia,NA,Chromosome,2'946'827'162,86'040,88'649'475,9'296,14,87'763,7'624,21,,primary,primary,,2013-06-12,,haploid,,Washington University (WashU),,
9545,species,Macaca nemestrina,GCA_000956065.1,,,GCF_000956065.1,Mnem_1.0,GCA_000956065.1,Primates,Mammalia,NA,Scaffold,2'948'703'511,106'897,15'219'753,7'388,62,94'057,9'733,,,primary,primary,,2015-03-19,female,haploid,,Baylor College of Medicine,,
9590,species,Symphalangus syndactylus,GCA_028642525.1,,,,Symphalangus_syndactylus_HiC,GCA_028642525.1,Primates,Mammalia,NA,Chromosome,2'896'079'755,32'309,87'438'310,24'893,13,867'194,797'215,25,,,primary,,2023-02-16,female,haploid,,DNA Zoo,,
9595,subspecies,Gorilla gorilla,GCA_000151905.3,,,GCF_000151905.2,gorGor4,GCA_000151905.3,Primates,Mammalia,NA,Chromosome,3'063'346'382,52'934,81'227'029,15'780,15,170'104,40'729,24,,primary,primary,,2014-12-19,,haploid,,Wellcome Trust Sanger Institute,,
9597,species,Pan paniscus,GCA_000258655.2,,GCA_000258655.2,GCF_000258655.2,panpan1.1,GCA_000258655.2,Primates,Mammalia,NA,Chromosome,3'286'627'333,66'676,8'197'324,11'048,94,121'355,10'983,24,,primary,primary,,2015-08-18,,haploid,,Max-Planck Institute for Evolutionary Anthropology,,
9598,species,Pan troglodytes,GCA_000001515.5,PRJNA13184,,GCF_000001515.7,Pan_tro 3.0,GCA_000001515.5,Primates,Mammalia,91.5,Chromosome,3'231'154'112,384'816,26'972'556,2'195,38,72'225,45'510,25,3.0500000000000000,primary,primary,,2016-05-03,male,haploid,,Chimpanzee Sequencing and Analysis Consortium,,
9601,species,Pongo abelii,GCA_000001545.3,,,,P_pygmaeus_2.0.2,GCA_000001545.3,Primates,Mammalia,NA,Chromosome,3'437'863'358,15'652,747'367,55'233,1'056,408'185,79'309,24,,,primary,,2008-11-13,female,haploid-with-alt-loci,,Orangutan Genome Sequencing Consortium,,
9606,species,Homo sapiens,GCA_000306695.2,,,GCF_000306695.2,CHM1_1.1,GCA_000306695.2,Primates,Mammalia,NA,Chromosome,3'037'866'619,143'936,50'362'920,5'635,20,40'828,163,23,,primary,primary,,2013-06-14,,haploid,,Washington University School of Medicine,,
9612,species,XXXX,GCA_007922845.1,,,,UniMelb_Wolf_Refassem_1,GCA_007922845.1,Carnivora,Mammalia,NA,Scaffold,2'342'421'267,842,64'175'042,452'291,14,3'050'747,765,,,,primary,,2019-08-08,female,haploid,,The University of Melbourne,,
9615,subspecies,Canis lupus familiaris,GCA_012044875.1,,,,ASM1204487v1,GCA_012044875.1,Carnivora,Mammalia,NA,Chromosome,2'392'800'889,91'998,64'292'917,7'698,14,66'008,39,39,,,primary,,2020-04-06,male,haploid,,JHU/APL,,
9622,species,Lycaon pictus,GCA_004216515.1,PRJNA488046,,,sis1-161031-pseudohap,GCA_004216515.1,Carnivora,Mammalia,85,Scaffold,2'137'698'293,61'225,7'494'581,10'359,76,61'776,1'127,,1.52,,primary,,2019-02-20,female,haploid,,Stanford University,,
9627,species,Vulpes vulpes,GCA_003160815.1,,,GCF_003160815.1,VulVul2.2,GCA_003160815.1,Carnivora,Mammalia,NA,Scaffold,2'421'551'259,55'450,12'472'085,12'033,55,183'897,82'423,,,primary,primary,,2018-05-25,male,haploid,,University of Illinois at Urbana-Champaign,,
9690,species,Panthera onca,GCA_028533385.1,,,GCF_028533385.1,Panthera_onca_HiC,GCA_028533385.1,Carnivora,Mammalia,NA,Chromosome,2'498'323'642,51'083,132'627'732,14'196,8,466'954,410'583,19,,primary,primary,,2023-02-09,female,haploid,,DNA Zoo,,
9704,species,Zalophus californianus,GCA_900631625.1,,,GCF_900631625.1,zalCal2.2,GCA_900631625.1,Carnivora,Mammalia,NA,Scaffold,2'372'352'887,97'662,143'424'588,7'181,7,57'870,10'422,,,primary,primary,,2018-12-07,,haploid,,LMU,,
9711,species,Halichoerus grypus,GCA_012393455.1,,,GCF_012393455.1,Tufts_HGry_1.1,GCA_012393455.1,Carnivora,Mammalia,NA,Scaffold,2'338'243'510,1'011'981,1'033'864,652,637,6'997,6'880,,,primary,primary,,2020-04-16,male,haploid,,Cummings School of Veterinary Medicine at Tufts University,,
9725,species,Inia geoffrensis,GCA_004363515.1,PRJNA399465,GCA_004363515.1,,IniGeo_v1_BIUU,GCA_004363515.1,Artiodactyla,Mammalia,63.8,Scaffold,2'596'281'358,24'570,26'707,23'854,21'180,1'218'682,1'213'610,,0.02,,primary,,2019-03-22,male,haploid,,Broad Institute,,
9731,species,Globicephala melas,GCA_006547405.1,,,GCF_006547405.1,ASM654740v1,GCA_006547405.1,Artiodactyla,Mammalia,NA,Scaffold,2'333'854'592,332'801,18'102'937,2'096,42,21'235,6'636,,,primary,primary,,2019-07-03,male,haploid,,Canada's Genomic Enterprise,,
9733,species,Orcinus orca,GCA_000331955.2,PRJNA167475,,GCF_000331955.2,Oorc_1.1,GCA_000331955.2,Artiodactyla,Mammalia,91.5,Scaffold,2'372'903'489,70'300,12'735'091,9'480,60,80'099,1'667,,5.2,primary,primary,,2013-01-31,female,haploid,,Marine mammals,,
9739,species,Tursiops truncatus,GCA_001922835.1,PRJNA356464,GCA_001922835.1,GCF_001922835.1,NIST Tur_tru v1,GCA_001922835.1,Artiodactyla,Mammalia,81.1,Scaffold,2'132'499'883,44'302,26'555'543,13'811,21,116'650,2'647,,0.5700000000000000,primary,primary,,2016-12-28,female,haploid,,National Institute of Standards and Technology,,
9742,species,Phocoena phocoena,GCA_004363495.1,PRJNA399454,GCA_004363495.1,,PhoPho_v1_BIUU,GCA_004363495.1,Artiodactyla,Mammalia,82,Scaffold,2'701'010'810,89'111,115'969,8'515,6'441,1'338'272,1'331'158,,0.03,,primary,,2019-03-22,missing,haploid,,Broad Institute,,
9764,species,Eschrichtius robustus,GCA_004363415.1,PRJNA399463,GCA_004363415.1,,EscRob_v1_BIUU,GCA_004363415.1,Artiodactyla,Mammalia,81,Scaffold,2'617'572'198,68'559,94'414,10'748,7'799,1'046'770,1'036'148,,0.04,,primary,,2019-03-22,male,haploid,,Broad Institute,,
9770,species,Balaenoptera physalus,GCA_023338255.1,,,,SBiKF_Bphy_ph2,GCA_023338255.1,Artiodactyla,Mammalia,NA,Scaffold,2'410'646'746,146'061,24'939'677,4'659,27,44'036,13'140,,,primary,primary,,2022-05-11,not collected,haploid,reference genome,Senckenberg BiK-F,,
9773,species,Megaptera novaeangliae,GCA_004329385.1,,,,megNov1,GCA_004329385.1,Artiodactyla,Mammalia,NA,Scaffold,2'265'788'366,12'321,9'138'802,52'145,79,387'694,2'558,,,,primary,,2019-03-06,female,haploid,,Arizona Cancer Evolution Center (ACE),,
9785,species,Loxodonta africana,GCA_000001905.1,,GCA_000001905.1,GCF_000001905.1,Loxafr3.0,GCA_000001905.1,Proboscidea,Mammalia,NA,Scaffold,3'196'738'035,69'023,46'401'353,13'607,21,95'866,2'352,1,,primary,primary,,2009-07-15,female,haploid,,Broad Institute,,
9796,species,Equus caballus,GCA_000696655.1,,,,Ajinai1.0,GCA_000696655.1,Perissodactyla,Mammalia,NA,Scaffold,2'377'506'909,40'738,56'256,16'258,11'603,155'158,119'776,,,,primary,,2014-06-06,male,haploid,,College of Animal Science, Inner Mongolian Agricultural University, China,,
9802,species,Tapirus indicus,GCA_004024905.1,,GCA_004024905.1,,TapInd_v1_BIUU,GCA_004024905.1,Perissodactyla,Mammalia,NA,Scaffold,2'425'203'111,225'792,308'930,3'061,2'188,284'468,280'135,,,,primary,,2019-01-15,missing,haploid,,Broad Institute,,
9823,species,Sus scrofa,GCA_046128825.1,,,,ICAR-NRCP-G1,GCA_046128825.1,Artiodactyla,Mammalia,NA,Chromosome,2'550'807'703,11'062,143'437'317,63'426,8,386'440,25'393,19,,,primary,,2024-12-18,female,haploid,,ICAR National Research Centre on Pig,,
9838,species,Camelus dromedarius,GCA_000803125.3,,,GCF_000803125.2,CamDro3,GCA_000803125.3,Artiodactyla,Mammalia,NA,Chromosome,2'169'346'739,236'391,70'369'702,2'637,11,53'084,21'069,37,,primary,primary,,2019-10-07,female,haploid,,Vetmeduni Vienna,,
9886,species,Muntiacus reevesi,GCA_008787405.2,,,,UCB_Mree_1.1,GCA_008787405.2,Artiodactyla,Mammalia,NA,Chromosome,2'579'575'442,225'142,94'101'870,3'207,7,53'090,29'705,23,,,primary,,2019-10-07,male,haploid,,University of California, Berkeley,,
9925,species,Capra hircus,GCA_000317765.2,,,,CHIR_2.0,GCA_000317765.2,Artiodactyla,Mammalia,NA,Chromosome,2'809'418'462,73'533,9'094'169,10'961,89,173'141,103'494,30,,,primary,,2015-09-16,female,haploid,,Beijing Genomics Institute,,
9940,species,Ovis aries,GCA_000298735.2,,GCA_000298735.2,GCF_000298735.2,Oar_v4.0,GCA_000298735.2,Artiodactyla,Mammalia,NA,Chromosome,2'615'499'683,150'472,100'009'711,5'008,8,48'481,5'465,27,,primary,primary,,2015-11-20,,haploid,,International Sheep Genome Consortium,,
9978,species,Ochotona princeps,GCA_014633375.1,,,GCF_014633375.1,OchPri4.0,GCA_014633375.1,Lagomorpha,Mammalia,NA,Chromosome,2'231'476'247,42'119,75'838'078,12'529,11,134'291,9'350,34,,primary,primary,,2020-09-21,male,haploid,,University of British Columbia Okanagan,,
9986,species,Oryctolagus cuniculus,GCA_009806435.2,,GCA_009806435.2,GCF_009806435.1,UM_NZW_1.0,GCA_009806435.2,Lagomorpha,Mammalia,NA,Chromosome,2'841'489'785,337'730,111'644'748,2'279,10,21'334,3'159,22,,primary,primary,,2021-02-04,male,haploid,,Shanghai Institutes for Biological Sciences,,
9999,species,Urocitellus parryii,GCA_003426925.1,,,GCF_003426925.1,ASM342692v1,GCA_003426925.1,Rodentia,Mammalia,NA,Scaffold,2'520'505'282,91'013,3'964'291,6'919,175,79'883,15'884,,,primary,primary,,2018-08-24,male,haploid,,UAF,,
10090,species,Mus musculus,GCA_001624295.1,,GCA_001624295.1,,AKR_J_v1,GCA_001624295.1,Rodentia,Mammalia,NA,Chromosome,2'712'691'254,23'042,132'982'296,29'369,9,242'284,5'952,20,,,primary,,2016-04-26,female,haploid,,Wellcome Trust Sanger Institute,,
10116,species,Rattus norvegicus,GCA_000001895.4,PRJNA10629,,GCF_000001895.5,Rnor_6.0,GCA_000001895.4,Rodentia,Mammalia,92.1,Chromosome,2'870'167'880,100'461,14'986'627,7'356,65,75'696,1'394,22,4.89,primary,primary,,2014-07-01,pooled male and female,haploid,,Rat Genome Sequencing Consortium,,
10129,species,Apodemus sylvaticus,GCA_001305905.1,,,,ASM130590v1,GCA_001305905.1,Rodentia,Mammalia,NA,Scaffold,3'758'143'898,1'208,245'982,460'539,3'805,3'342'720,559'629,,,,primary,,2015-10-02,not determined,haploid,,University of Liverpool,,
10166,species,Ctenodactylus gundi,GCA_004027205.1,PRJNA399344,GCA_004027205.1,,CteGun_v1_BIUU,GCA_004027205.1,Rodentia,Mammalia,89.4,Scaffold,2'322'471'743,218'543,354'548,3'042,1'820,865'110,860'073,,0.02,primary,primary,,2019-01-16,missing,haploid,reference genome,Broad Institute,,
13013,species,Clarias gariepinus,GCA_030014235.1,,,,ASM3001423v1,GCA_030014235.1,Siluriformes,Actinopteri,NA,Scaffold,924'137'414,9'577,29'867'262,24'149,13,192'092,46'932,,,,primary,,2023-05-15,not determined,haploid,,Iridian Genomes,,
13146,species,Melopsittacus undulatus,GCA_000238935.1,PRJNA72527,,GCF_000238935.1,Melopsittacus_undulatus_6.3,GCA_000238935.1,Psittaciformes,Aves,92.4,Scaffold,1'117'355'426,55'633,10'614'383,5'478,28,70'862,25'211,,0,primary,primary,,2012-01-02,male,haploid,,The Genome Institute,  Washington University at St. Louis,,
13397,species,Carcharodon carcharias,GCA_003604245.1,,,,ASM360424v1,GCA_003604245.1,Lamniformes,Chondrichthyes,NA,Scaffold,3'915'280'839,46'102,2'991'981,23'307,330,182'231,9'222,,,,primary,,2018-10-01,female,haploid,,Cornell University,,
13616,species,Monodelphis domestica,GCA_000002295.1,PRJNA12561,,GCF_000002295.2,MonDom5,GCA_000002295.1,Didelphimorphia,Mammalia,88.2,Chromosome,3'600'487'649,107'990,527'952'102,9'459,3,72'811,5'137,9,2.75,primary,primary,,2007-01-25,,haploid,,The Genome Sequencing Platform, The Genome Assembly Team,,
27615,species,Kogia breviceps,GCA_004363705.1,PRJNA399466,GCA_004363705.1,,KogBre_v1_BIUU,GCA_004363705.1,Artiodactyla,Mammalia,63.5,Scaffold,2'759'698'159,26'201,28'812,27'952,25'050,1'258'125,1'252'072,,0.02,,primary,,2019-03-22,missing,haploid,,Broad Institute,,
27675,species,Choloepus didactylus,GCA_004027855.1,,GCA_004027855.1,,ChoDid_v1_BIUU,GCA_004027855.1,Pilosa,Mammalia,NA,Scaffold,3'390'661'301,7'167,7'289,117'573,112'830,2'537'432,2'532'333,,,,primary,,2019-01-16,missing,haploid,,Broad Institute,,
27697,species,Sardina pilchardus,GCA_049901815.1,,,,sardPilCibio2019,GCA_049901815.1,Clupeiformes,Actinopteri,NA,Scaffold,921'261'535,62'574,35'124'745,3'827,12,23'740,2'751,,,,primary,,2025-04-24,male,haploid,,CIBIO-InBIO,,
27704,species,Gobio gobio,GCA_021464655.1,PRJNA770886,,,fGobGob41.pri.20210311,GCA_021464655.1,Cypriniformes,Actinopteri,97.3,Chromosome,1'550'158'453,3'305'918,55'293'470,116,12,2'089,687,25,3.59,,primary,,2022-01-18,not determined,haploid,,The Max Planck Institute of Molecular Cell Biology and Genetics,6.7;6.C,
27706,species,Micropterus salmoides,GCA_014851395.1,,,GCF_014851395.1,ASM1485139v1,GCA_014851395.1,Centrarchiformes,Actinopteri,97.9,Scaffold,963'597'430,1'227'323,36'481'429,202,12,7'661,4'752,,0.15,primary,primary,,2020-10-05,female,haploid,,Biozeron Shenzhen Inc.,,
27794,species,Dermochelys coriacea,GCA_006547105.1,,,,GSC_toitle_1.0,GCA_006547105.1,Testudines,,NA,Scaffold,2'154'166'173,45'261,120'030,14'298,5'294,97'740,56'317,,,,primary,,2019-07-01,female,haploid,,Canada's Genomic Enterprise,,
28680,species,Anas acuta,GCA_036026395.1,,,,ASM3602639v1,GCA_036026395.1,Anseriformes,Aves,NA,Scaffold,1'150'928'901,8'738,76'135'208,31'616,5,286'806,70'748,,,,primary,,2024-01-25,not determined,haploid,,Iridian Genomes,,
28689,species,Alca Torda,GCA_013398245.1,,,,ASM1339824v1,GCA_013398245.1,Charadriiformes,Aves,NA,Scaffold,1'162'045'472,48'979,240'911,6'645,1'278,84'245,39'768,,,,primary,,2020-07-10,missing,haploid,,B10K Consortium,,
28792,species,Cyprinella venusta,GCA_027361055.1,,,,ASM2736105v1,GCA_027361055.1,Cypriniformes,Actinopteri,NA,Scaffold,805'420'949,2'850,28'434'641,65'882,13,332'600,109'502,,,,primary,,2022-12-27,not determined,haploid,,Iridian Genomes,,
29065,species,Martes martes,GCA_040938825.1,,,,mmar.min_150.pseudohap2.1_HiC.purged,GCA_040938825.1,Carnivora,Mammalia,NA,Chromosome,2'399'650'029,331'070,144'638'580,2'137,7,35'566,20'048,19,,,primary,,2024-07-30,female,haploid,,Institute for Molecular and Cellular biology,,
29078,species,Eptesicus fuscus,GCA_000308155.1,,,GCF_000308155.1,EptFus1.0,GCA_000308155.1,Chiroptera,Mammalia,NA,Scaffold,2'026'629'342,21'392,13'454'942,24'180,39,167'058,6'789,,,primary,primary,,2012-11-08,,haploid,,Broad Institute,,
29137,species,Dugong dugon,GCA_040182945.1,,,,ASM4018294v1,GCA_040182945.1,Sirenia,Mammalia,NA,Chromosome,3'061'735'718,272'829,136'909'105,3'262,9,22'906,2'919,25,,,primary,,2024-06-14,missing,haploid,,Institute of Deep-sea Science and Engineering,,
29151,species,Osmerus eperlanus,GCA_900302275.1,PRJEB12469,,,ASM90030227v1,GCA_900302275.1,Osmeriformes,Actinopteri,58,Scaffold,342'758'722,4'524,6'820,21'105,13'139,99'348,73'274,,0.21,,primary,,2018-03-18,,haploid,,CEES,,
30397,species,Buteo buteo,GCA_025504755.1,,,,ASM2550475v1,GCA_025504755.1,Accipitriformes,Aves,NA,Scaffold,1'210'975'031,43'468,36'474'558,7'851,13,68'286,12'826,,,,primary,,2022-09-30,not determined,haploid,,Iridian Genomes,,
30419,species,Opisthocomus hoazin,GCA_000692075.1,PRJNA212873,,GCF_000692075.1,ASM69207v1,GCA_000692075.1,Opisthocomiformes,Aves,95.4,Scaffold,1'203'712'246,28'179,2'937'227,11'760,122,109'627,10'256,,5.1000000000000000,primary,primary,,2014-05-19,female,haploid,,BGI,,
30427,species,Haemorhous mexicanus,GCA_046619145.1,,,,CA_2_hap2,GCA_046619145.1,Passeriformes,Aves,NA,Scaffold,1'172'260'973,1'062'611,1'069'778,273,272,3'308,3'302,,,,primary,,2025-01-14,male,haploid,,Harvard University,,
30640,species,Sciurus carolinensis,GCA_028643795.1,,,,Sciurus_carolinensis_HiC,GCA_028643795.1,Rodentia,Mammalia,NA,Chromosome,3'182'857'308,16'665,37'295'854,40'579,17,2'117'925,2'067'066,20,,,primary,,2023-02-16,female,haploid,,DNA Zoo,,
31033,species,Takifugu rubripes,GCA_000180615.2,PRJNA1434,,GCF_000180615.1,FUGU5,GCA_000180615.2,Tetraodontiformes,Actinopteri,96.1,Chromosome,391'468'268,52'883,928'938,1'722,113,30'860,7'090,22,10.35,primary,primary,,2011-10-13,male,haploid,,The Fugu Genome Sequencing Consortium,,
31919,species,Numenius arquata,GCA_046244895.1,,,,ASM4624489v1,GCA_046244895.1,Charadriiformes,Aves,NA,Scaffold,1'199'220'776,27'499,69'653'385,11'133,7,101'949,9'764,,,,primary,,2024-12-21,not determined,haploid,,Iridian Genomes,,
33562,species,Dromiciops gliroides,GCA_024323085.1,,,,ASM2432308v1,GCA_024323085.1,Microbiotheria,Mammalia,NA,Scaffold,3'367'545'867,18'188,17'937'952,52'673,60,405'426,42'774,,,,primary,,2022-07-19,male,haploid,,BGI,,
34773,species,Alosa sapidissima,GCA_019202745.1,,,,Alosa.v1,GCA_019202745.1,Clupeiformes,Actinopteri,NA,Chromosome,920'207'828,1'150'608,37'994'265,215,11,2'309,273,24,,,primary,,2021-07-13,male,haploid,,OE Biotech.co.Ltd,6.7;6.C,
34787,species,Tautogolabrus adspersus,GCA_024362835.1,,,,NL-cnr,GCA_024362835.1,Labriformes,Actinopteri,NA,Scaffold,640'618'147,31'219,2'297'518,5'473,76,32'845,3'283,,,,primary,,2022-07-21,not determined,haploid,,Memorial University of Newfoundland,,
34844,species,Erethizon dorsatum,GCA_006547115.1,,,,GSC_porc_1.0,GCA_006547115.1,Rodentia,Mammalia,NA,Scaffold,2'436'547'097,118'744,16'680'019,6'007,42,54'415,15'915,,,,primary,,2019-07-01,female,haploid,,Canada's Genomic Enterprise,,
35669,species,Larus argentatus,GCA_028571125.1,,,,ASM2857112v1,GCA_028571125.1,Charadriiformes,Aves,NA,Scaffold,1'184'346'518,28'599,81'770'679,11'430,5,99'307,17'990,,,,primary,,2023-02-09,not determined,haploid,,Iridian Genomes,,
36239,species,Mustela nivalis vulgaris,GCA_019141155.1,,,,MusNiv_Pri1.0,GCA_019141155.1,Carnivora,Mammalia,NA,Scaffold,2'501'163'219,195'927,24'899'452,3'746,29,60'040,31'994,,,primary,primary,,2021-07-06,male,haploid,reference genome,CIBIO-InBIO,,
36239,species,Mustela nivalis vulgaris,GCA_048197165.1,,,,ASM4819716v1,GCA_048197165.1,Carnivora,Mammalia,NA,Chromosome,2'452'185'984,199'370,138'366'223,3'634,8,45'467,16'700,21,,,primary,,2025-02-28,male,haploid,,Institute of Molecular and Cellular Biology SB RAS,,
36300,species,Pelecanus crispus,GCA_000687375.1,PRJNA212901,,GCF_000687375.1,ASM68737v1,GCA_000687375.1,Pelecaniformes,Aves,88.7,Scaffold,1'160'924'693,21'679,43'364,16'160,7'852,121'562,63'982,,0.31,primary,primary,,2014-05-09,male,haploid,,BGI,,
37040,species,Gavia stellata,GCA_000690875.1,PRJNA212895,,GCF_000690875.1,ASM69087v1,GCA_000690875.1,Gaviiformes,Aves,88.6,Scaffold,1'129'677'294,24'321,45'532,13'686,7'094,126'712,61'830,,0.54,primary,primary,,2014-05-13,male,haploid,,BGI,,
37174,species,Ovis canadensis,GCA_004026945.1,,GCA_004026945.1,,OviCan_v1_BIUU,GCA_004026945.1,Artiodactyla,Mammalia,NA,Scaffold,2'863'658'823,55'973,69'397,14'306,11'415,1'057'548,1'048'136,,,,primary,,2019-01-16,male,haploid,,Broad Institute,,
37578,species,Morus bassanus,GCA_045787545.1,,,,ASM4578754v1,GCA_045787545.1,Suliformes,Aves,NA,Scaffold,1'295'798'393,153'415,6'240'037,2'099,51,33'993,20'087,,,,primary,,2024-12-06,male,haploid,,Bird 10,000 Genomes (B10K) consortium,,
37610,species,Erithacus rubecula,GCA_013398395.1,,,,ASM1339839v1,GCA_013398395.1,Passeriformes,Aves,NA,Scaffold,979'843'765,73'144,2'955'106,3'855,90,29'557,2'673,,,,primary,,2020-07-10,male,haploid,,B10K Consortium,,
38626,species,Phascolarctos cinereus,GCA_900166895.1,,,,phaCin_tgac_v2.0,GCA_900166895.1,Diprotodontia,Mammalia,NA,Scaffold,3'603'908'365,126'882,798'273,7'804,1'246,819'636,796'464,,,,primary,,2018-05-04,,haploid,,KOALA GENOME CONSORTIUM,,
38674,species,Onychomys torridus,GCA_004026725.1,,GCA_004026725.1,,OnyTor_v1_BIUU,GCA_004026725.1,Rodentia,Mammalia,NA,Scaffold,3'202'219'269,18'287,20'878,41'931,35'645,2'272'285,2'261'735,,,,primary,,2019-01-16,missing,haploid,,Broad Institute,,
39082,species,Muscardinus avellanarius,GCA_004027005.1,,GCA_004027005.1,,MusAve_v1_BIUU,GCA_004027005.1,Rodentia,Mammalia,NA,Scaffold,2'527'147'110,44'294,59'013,16'126,12'037,481'881,466'805,,,,primary,,2019-01-16,missing,haploid,,Broad Institute,,
39638,species,Agelaius phoeniceus,GCA_013398535.1,PRJNA545868,,,ASM1339853v1,GCA_013398535.1,Passeriformes,Aves,90.9,Scaffold,1'086'309'140,78'381,1'693'451,3'691,166,75'155,42'265,,2.43,,primary,,2020-07-10,female,haploid,,B10K Consortium,,
40151,species,Monodon monocero,GCA_029941395.3,,,,S_20_00708_Flye_assembly_V1.1,GCA_029941395.3,Artiodactyla,Mammalia,NA,Chromosome,2'335'257'954,597'131,83'769'834,992,12,14'616,6'368,22,,,primary,,2024-04-10,male,haploid,,Government of Canada,,
40157,species,Lonchura striata domestica,GCA_005870125.1,,,GCF_005870125.1,lonStrDom2,GCA_005870125.1,Passeriformes,Aves,NA,Chromosome,1'060'252'993,100'423,71'975'342,2'867,6,33'370,2'014,31,,primary,primary,,2019-06-05,male,haploid,,HHMI/UCSF,,
40816,species,Grus grus,GCA_045788445.1,,,,ASM4578844v1,GCA_045788445.1,Gruiformes,Aves,NA,Scaffold,1'213'727'039,107'628,335'542,2'918,902,64'832,54'184,,,,primary,,2024-12-06,missing,haploid,,Bird 10,000 Genomes (B10K) consortium,,
42254,species,Sorex araneus,GCA_000181275.2,,,GCF_000181275.2,SorAra2.0,GCA_000181275.2,Eulipotyphla,Mammalia,NA,Scaffold,2'423'158'183,22'623,22'794'405,27'146,36,201'798,12'845,,,primary,primary,,2012-08-27,female,haploid,,Broad Institute,,
42514,species,Pygocentrus nattereri,GCA_001682695.1,,,GCF_001682695.1,Pygocentrus_nattereri-1.0.2,GCA_001682695.1,Characiformes,Actinopteri,NA,Scaffold,1'285'335'786,57'732,1'440'044,5'642,199,325'619,283'517,,,primary,primary,,2016-07-12,female,haploid,,McDonnell Genome Institute,,
43150,species,Hirundo rustica,GCA_013399815.1,,,,ASM1339981v1,GCA_013399815.1,Passeriformes,Aves,NA,Scaffold,1'043'753'555,119'850,675'769,2'361,409,31'555,13'084,,,,primary,,2020-07-10,female,haploid,,B10K Consortium,,
43566,species,Rhinophrynus dorsalis,GCA_048287495.1,,,,ASM4828749v1,GCA_048287495.1,Anura,Amphibia,NA,Scaffold,3'909'782'496,802,812,1'596'406,1'577'105,4'957'053,4'833'232,,,,primary,,2025-03-03,not determined,haploid,,Iridian Genomes,,
43583,species,Sarcoramphus papa,GCA_027580115.1,,,,ASM2758011v1,GCA_027580115.1,Accipitriformes,Aves,NA,Scaffold,1'227'506'220,21'983,36'647'746,15'747,13,122'654,14'173,,,,primary,,2023-01-06,female,haploid,,Iridian Genomes,,
44394,species,Zonotrichia albicollis,GCA_000385455.1,PRJNA197293,,GCF_000385455.1,Zonotrichia_albicollis-1.0.1,GCA_000385455.1,Passeriformes,Aves,90.5,Scaffold,1'052'600'561,112'748,4'866'725,2'385,52,37'661,6'018,,4.4,primary,primary,,2013-04-30,male,haploid,,White-throated sparrow consortium,,
44489,species,Carettochelys insculpta,GCA_007922185.1,,,,Carettochelys_insculpta-1.0,GCA_007922185.1,Testudines,,NA,Scaffold,2'356'570'494,116'202,45'881'824,5'690,16,84'201,48'450,,,,primary,,2019-08-05,male,haploid,,McDonnell Genome Institute - Washington University School of Medicine,,
44507,species,Podocnemis expansa,GCA_007922195.1,PRJNA512135,,,Podocnemis_expansa-1.0,GCA_007922195.1,Testudines,,96.8,Scaffold,2'447'092'617,134'824,37'101'370,5'195,21,74'735,43'498,,1.96,,primary,,2019-08-05,male,haploid,,McDonnell Genome Institute - Washington University School of Medicine,,
48155,species,Sylvia atricapilla,GCA_013398435.1,,,,ASM1339843v1,GCA_013398435.1,Passeriformes,Aves,NA,Scaffold,1'017'094'937,57'175,16'014'248,5'107,18,33'244,123,,,,primary,,2020-07-10,male,haploid,,B10K Consortium,,
48171,species,Chelon labrosus,GCA_029874265.1,,,,ASM2987426v1,GCA_029874265.1,Mugiliformes,Actinopteri,NA,Scaffold,684'572'026,4'649,4'930,38'228,35'526,504'764,496'251,,,,primary,,2023-04-26,not determined,haploid,,Faculty of Sciences from the University of Lisbon,,
48427,species,Nyctibius grandis,GCA_013399155.1,,,,ASM1339915v1,GCA_013399155.1,Caprimulgiformes,Aves,NA,Scaffold,1'154'230'834,64'960,158'961,4'757,1'654,81'647,55'068,,,,primary,,2020-07-10,female,haploid,,B10K Consortium,,
48668,species,Rutilus rutilus,GCA_029875115.1,,,,ASM2987511v1,GCA_029875115.1,Cypriniformes,Actinopteri,NA,Scaffold,868'408'531,1'535,1'552,137'221,135'154,1'185'296,1'181'299,,,,primary,,2023-04-26,not determined,haploid,,Faculty of Sciences from the University of Lisbon,,
48744,species,Hyperoodon ampullatus,GCA_024363105.1,,,,DAL_HAmp_1,GCA_024363105.1,Artiodactyla,Mammalia,NA,Scaffold,2'351'343'742,55'734,132'887,11'956,4'219,115'181,67'105,,,,primary,,2022-07-21,,haploid,,Dalhousie University,,
48745,species,Mesoplodon bidens,GCA_004027085.1,PRJNA399476,GCA_004027085.1,,MesBid_v1_BIUU,GCA_004027085.1,Artiodactyla,Mammalia,67.2,Scaffold,2'797'694'783,28'959,33'532,25'790,21'694,1'810'317,1'801'720,,0.03,,primary,,2019-01-16,missing,haploid,,Broad Institute,,
48849,species,Passer domesticus,GCA_001700915.1,PRJNA255814,,,Passer_domesticus-1.0,GCA_001700915.1,Passeriformes,Aves,95.1,Chromosome,1'042'703'894,51'426,6'373'860,5'263,50,50'328,2'570,30,4.12,,primary,,2016-08-31,female,haploid,,Sparrow Genome Consortium,,
48850,species,Tamandua tetradactyla,GCA_004025105.1,,GCA_004025105.1,,TamTet_v1_BIUU,GCA_004025105.1,Pilosa,Mammalia,NA,Scaffold,3'849'374'830,18'654,19'789,49'529,45'977,2'150'023,2'144'204,,,,primary,,2019-01-15,missing,haploid,,Broad Institute,,
48891,species,Poecile atricapillus,GCA_013398625.1,,,,ASM1339862v1,GCA_013398625.1,Passeriformes,Aves,NA,Scaffold,1'047'311'074,109'509,11'311'321,2'589,23,33'478,3'149,,,,primary,,2020-07-10,male,haploid,,B10K Consortium,,
51298,species,Myotis myotis,GCA_004026985.1,,GCA_004026985.1,,MyoMyo_v1_BIUU,GCA_004026985.1,Chiroptera,Mammalia,NA,Scaffold,2'294'472'406,19'322,21'824,31'447,27'249,1'053'330,1'045'197,,,,primary,,2019-01-16,missing,haploid,,Broad Institute,,
51337,species,Jaculus jaculus,GCA_000280705.1,,GCA_000280705.1,GCF_000280705.1,JacJac1.0,GCA_000280705.1,Rodentia,Mammalia,NA,Scaffold,2'835'233'679,15'675,22'080'993,44'339,36,337'361,10'897,,,primary,primary,,2012-07-30,,haploid,,Broad Institute,,
51338,species,Castor canadensis,GCA_001984765.1,,,GCF_001984765.1,C.can genome v1.0,GCA_001984765.1,Rodentia,Mammalia,NA,Scaffold,2'518'306'565,273'954,317'708,2'431,2'073,24'477,21'157,,,primary,primary,,2017-02-04,male,haploid,,Hospital for Sick Children,,
51906,species,Guaruba guaruba,GCA_011800095.2,,,,ASM1180009v2,GCA_011800095.2,Psittaciformes,Aves,NA,Scaffold,1'175'317'798,19'329,29'847,16'283,11'512,279'568,239'936,,,,primary,,2022-07-21,female,haploid,,IRIDIAN GENOMES,,
52224,species,Shinisaurus crocodilurus,GCA_021292165.1,,GCA_021292165.1,,IOZ_Scro_1.0,GCA_021292165.1,Squamata,Lepidosauria,NA,Chromosome,2'189'995'079,3'338'364,296'945'371,196,4,2'405,1'553,16,,primary,primary,,2021-12-28,female,haploid,reference genome,Institute of Zoology, Chinese Academy of Sciences,6.7;6.C,
52777,species,Ciconia maguari,GCA_013399255.1,,,,ASM1339925v1,GCA_013399255.1,Ciconiiformes,Aves,NA,Scaffold,1'200'886'088,66'040,367'223,4'991,936,82'444,33'984,,,,primary,,2020-07-10,female,haploid,,B10K Consortium,,
52904,species,Scophthalmus maximus,GCA_003186165.1,PRJEB11743,,,ASM318616v1,GCA_003186165.1,Pleuronectiformes,Actinopteri,96.8,Chromosome,524'979'463,54'836,24'811'384,2'472,10,21'326,22,22,2.36,,primary,,2018-06-05,,haploid,,CNAG,,
54380,species,Cariama cristata,GCA_000690535.1,PRJNA212889,,GCF_000690535.1,ASM69053v1,GCA_000690535.1,Cariamiformes,Aves,90.7,Scaffold,1'132'245'425,24'645,55'197,13'705,5'958,112'704,53'474,,0.34,primary,primary,,2014-05-12,male,haploid,,BGI,,
54386,species,Rhynochetos jubatus,GCA_013398095.1,PRJNA545868,,,ASM1339809v1,GCA_013398095.1,Eurypygiformes,Aves,96.4,Scaffold,1'116'409'996,91'152,965'071,3'370,317,48'838,13'191,,0.8,,primary,,2020-07-10,female,haploid,,B10K Consortium,,
55661,species,Cuculus canorus,GCA_000709325.1,PRJNA212870,,GCF_000709325.1,ASM70932v1,GCA_000709325.1,Cuculiformes,Aves,96.8,Scaffold,1'153'894'225,38'137,2'989'832,8'811,119,71'907,14'930,,2.38,primary,primary,,2014-06-17,male,haploid,,BGI,,
56723,species,Labrus bergylta,GCA_900080235.1,PRJEB13687,,GCF_900080235.1,BallGen_V1,GCA_900080235.1,Labriformes,Actinopteri,96.9,Scaffold,805'480'521,703'847,794'648,282,252,13'723,13'466,,0.02,primary,primary,,2016-05-03,female,haploid,,National Institute of nutrition and seafood research,,
57060,species,Eleutherodactylus coqui,GCA_019857665.1,PRJNA578591,,,UCB_Ecoq_1.0,GCA_019857665.1,Anura,Amphibia,78.8,Chromosome,2'789'347'782,10'856,109'467'076,54'726,8,480'031,105'233,13,15.08,,primary,,2021-09-16,male,haploid,,University of California, Berkeley,,
57068,species,Acanthisitta chloris,GCA_000695815.1,PRJNA212877,,GCF_000695815.1,ASM69581v1,GCA_000695815.1,Passeriformes,Aves,81.6,Scaffold,1'035'876'403,20'602,64'469,14'656,4'486,120'312,53'875,,0.42,primary,primary,,2014-05-27,female,haploid,,BGI,,
57412,species,Colius striatus,GCA_000690715.1,PRJNA212892,,GCF_000690715.1,ASM69071v1,GCA_000690715.1,Coliiformes,Aves,83.7,Scaffold,1'075'931'597,25'860,46'063,12'120,6'512,114'650,70'188,,0.31,primary,primary,,2014-05-13,male,haploid,,BGI,,
57421,species,Merops nubicus,GCA_000691845.1,PRJNA212898,,GCF_000691845.1,ASM69184v1,GCA_000691845.1,Coraciiformes,Aves,81.9,Scaffold,1'062'961'556,24'675,48'089,12'573,6'132,104'131,53'499,,0.42,primary,primary,,2014-05-16,female,haploid,,BGI,,
58319,species,Scardinius erythrophthalmus,GCA_024453875.1,,GCA_024453875.1,,ASM2445387v1,GCA_024453875.1,Cypriniformes,Actinopteri,NA,Chromosome,1'135'838'337,5'525'349,43'047'924,65,11,528,110,25,,,primary,,2022-07-27,Unknown,haploid,,The Max Planck Institute of Molecular Cell Biology and Genetics,6.7;6.C,
58324,species,Phoxinus phoxinus,GCA_037504845.1,,,,fPhoPho.hap2,GCA_037504845.1,Cypriniformes,Actinopteri,NA,Chromosome,929'446'345,4'586'804,36'599'732,60,11,517,81,25,,,primary,,2024-03-25,male,haploid,,Leibniz Institute for the analysis of biodiversity change,6.7;6.C,
59474,species,Pipistrellus pipistrellus,GCA_004026625.1,,GCA_004026625.1,,PipPip_v1_BIUU,GCA_004026625.1,Chiroptera,Mammalia,NA,Scaffold,2'090'670'443,26'707,33'992,20'199,15'278,736'974,726'104,,,,primary,,2019-01-16,male,haploid,,Broad Institute,,
59477,species,Rhinolophus affinis,GCA_040057535.1,,,,ASM4005753v1,GCA_040057535.1,Chiroptera,Mammalia,NA,Chromosome,2'025'198'401,201'316,92'909'886,2'245,10,21'259,60,32,,,primary,,2024-06-04,male,haploid,,Shaanxi Normal University,,
59479,species,Rhinolophus ferrumequinum,GCA_007922735.1,,,,RhiFer_v1_BIUU,GCA_007922735.1,Chiroptera,Mammalia,NA,Scaffold,2'183'991'669,127'195,156'956,4'794,3'803,349'275,345'321,,,,primary,,2019-08-08,female,haploid,,Broad Institute,,
61452,species,Neofelis nebulosa,GCA_027422525.1,,,,ASM2742252v1,GCA_027422525.1,Carnivora,Mammalia,NA,Scaffold,2'412'500'541,76'652,1'367'838,8'882,481,79'933,11'908,,,,primary,,2022-12-27,male,haploid,,Smithsonian Institution,,
64108,species,Zeus faber,GCA_900323335.1,PRJEB12469,,,ASM90032333v1,GCA_900323335.1,Zeiformes,Actinopteri,48.4,Scaffold,610'433'400,4'642,6'332,39'018,28'338,172'424,135'758,,0.17,,primary,,2018-03-26,,haploid,,CEES,,
64144,species,Anabas testudineus,GCA_900302665.1,PRJEB12469,,,ASM90030266v1,GCA_900302665.1,Anabantiformes,Actinopteri,90.9,Scaffold,524'844'595,18'817,50'227,7'873,2'932,52'219,23'072,,0.2,,primary,,2018-03-19,,haploid,,CEES,,
64176,species,Podarcis muralis,GCA_004329235.1,,,GCF_004329235.1,PodMur_1.0,GCA_004329235.1,Squamata,Lepidosauria,NA,Chromosome,1'511'002'858,714'612,92'398'148,622,7,6'245,2'160,19,,primary,primary,,2019-03-07,male,haploid,,CIBIO-InBIO,,
65484,species,Podarcis siculus,GCA_034642415.1,,,,UCBerk_Psic_1,GCA_034642415.1,Squamata,Lepidosauria,NA,Scaffold,1'430'801'131,70'246,27'224'046,5'706,15,49'502,16'675,,,,primary,,2023-12-26,female,haploid,,Faculty of Science, University of Zagreb,,
69293,species,Gasterosteus aculeatus,GCA_006229165.1,PRJNA525775,,,NID,GCA_006229165.1,Perciformes,Actinopteri,93.5,Scaffold,467'452'432,38'090,3'715'221,3'273,33,32'646,10'242,,3.19,,primary,,2019-06-11,female,haploid,,Institute of Ecology and Evolution,,
70687,species,Tupaia tana,GCA_026018925.1,,GCA_026018925.1,,mTupTan1,GCA_026018925.1,Scandentia,Mammalia,NA,Scaffold,2'948'277'345,7'301'848,112'954'644,97,8,2'385,1'197,,,primary,primary,,2022-11-07,missing,haploid,reference genome,University of California, Davis,,
71010,species,Tiliqua scincoides,GCA_047292575.1,,,,ASM4729257v1,GCA_047292575.1,Squamata,Lepidosauria,NA,Scaffold,1'812'522'348,1'742,1'990,282'097,190'114,1'229'222,1'150'419,,,,primary,,2025-01-28,not determined,haploid,,Iridian Genomes,,
72105,species,Sebastes umbrosus,GCA_916701575.1,,,,S-umbrosus_SEB-10,GCA_916701575.1,Perciformes,Actinopteri,NA,Scaffold,976'903'690,3'823'502,31'724'414,70,14,2'655,841,,,,primary,,2021-11-13,,haploid,,UNIVERSITY OF CALIFORNIA AT BERKELEY,,
73324,species,Sylvia borin,GCA_013400015.1,,,,ASM1340001v1,GCA_013400015.1,Passeriformes,Aves,NA,Scaffold,1'036'635'967,55'510,729'727,5'095,364,88'649,31'497,,,,primary,,2020-07-10,female,haploid,,B10K Consortium,,
75038,species,Scatophagus argus,GCA_030323985.1,,,,ASM3032398v1,GCA_030323985.1,,Actinopteri,NA,Scaffold,676'390'204,21'161,23'583'197,7'965,13,165'804,124'116,,,,primary,,2023-06-22,not determined,haploid,,Iridian Genomes,,
75485,species,Rissa tridactyla,GCA_013401015.1,,,,ASM1340101v1,GCA_013401015.1,Charadriiformes,Aves,97.4,Scaffold,1'192'865'200,54'641,17'652'270,6'014,20,96'463,53'283,,2.33,,primary,,2020-07-10,female,haploid,,B10K Consortium,,
76066,species,Engystomops pustulosus,GCA_019512145.1,PRJNA578590,,,UCB_Epus_1.0,GCA_019512145.1,Anura,Amphibia,75.8,Chromosome,2'555'516'698,305'357,172'109'237,2'139,6,125'761,108'304,11,0.38,,primary,,2021-08-10,female,haploid,,University of California, Berkeley,,
77598,species,Heterohyrax brucei,GCA_004026845.1,PRJNA399398,GCA_004026845.1,,HetBruBak_v1_BIUU,GCA_004026845.1,Hyracoidea,Mammalia,76.4,Scaffold,3'618'151'652,62'841,67'904,15'385,14'115,971'748,967'933,,0.01,,primary,,2019-01-16,missing,haploid,,Broad Institute,,
77932,subspecies,Diceros bicornis minor,GCA_013634535.1,,,,ASM1363453v1,GCA_013634535.1,Perissodactyla,Mammalia,NA,Scaffold,2'331'669'150,6'035,28'520'426,103'599,23,1'115'081,4'262,,,,primary,,2020-07-24,male,haploid,,University of Venda,,
82655,species,Conger conger,GCA_029692045.1,,,,COCON_1.0,GCA_029692045.1,Anguilliformes,Actinopteri,NA,Chromosome,1'005'908'649,1'398'550,55'204'474,197,8,4'043,1'686,19,,,primary,,2023-04-12,female,haploid,,GenoFish,6.7;6.C,
83653,species,Grampus griseus,GCA_028646425.1,,,,Grampus_griseus_HiC,GCA_028646425.1,Artiodactyla,Mammalia,NA,Chromosome,2'536'411'710,62'041,93'180'659,11'274,11,813'233,773'381,22,,,primary,,2023-02-16,female,haploid,,DNA Zoo,,
88682,species,Diretmus argenteus,GCA_900660295.1,PRJEB30779,,,Diretmus_argenteus_assembly,GCA_900660295.1,Trachichthyiformes,Actinopteri,17,Scaffold,302'363'458,2'172,3'367,47'724,26'944,162'384,107'968,,0.5700000000000000,primary,primary,,2019-06-15,,haploid,reference genome,CEES,,
92651,species,Macrotis lagotis,GCA_037893015.1,,GCA_037893015.1,,bilby.v1.9.chrom.fasta,GCA_037893015.1,Peramelemorphia,Mammalia,NA,Chromosome,3'655'715'178,1'227'456,343'853'051,866,3,5'027,608,9,,primary,primary,,2024-04-04,female,haploid,reference genome,The University of Sydney,6.7;6.C,
93162,species,Marmota flaviventris,GCA_003676075.3,,,GCF_003676075.3,GSC_YBM_2.1,GCA_003676075.3,Rodentia,Mammalia,NA,Scaffold,2'579'522'885,143'798,11'407'078,5'013,62,68'411,33'523,,,primary,primary,,2019-05-24,female,haploid,,Canada's Genomic Enterprise,,
94835,species,Gavialis gangeticus,GCA_001723915.1,,,GCF_001723915.1,GavGan_comp1,GCA_001723915.1,Crocodylia,,NA,Scaffold,2'640'775'248,14'799,96'076'944,39'517,8,248'606,80,,,primary,primary,,2016-09-13,female,haploid,,The International Crocodilian Genomes Working Group,,
99487,subspecies,Elephas maximus indicus,GCA_036984225.1,,,,ASM3698422v1,GCA_036984225.1,Proboscidea,Mammalia,NA,Scaffold,3'123'454'103,122'429,467'125,7'141,1'883,84'158,53'873,,,,primary,,2024-01-08,,haploid,,University of Tokyo,,
100784,subspecies,Balearica regulorum gibbericeps,GCA_000709895.1,PRJNA212879,,GCF_000709895.1,ASM70989v1,GCA_000709895.1,Gruiformes,Aves,91.8,Scaffold,1'127'605'500,23'333,52'178,14'476,6'181,111'849,53'490,,0.32,primary,primary,,2014-06-25,male,haploid,,BGI,,
100859,species,Vanellus vanellus,GCA_041043765.1,,,,ASM4104376v1,GCA_041043765.1,Charadriiformes,Aves,NA,Scaffold,1'288'776'276,12'352,51'682'309,28'087,8,414'910,243'444,,,primary,primary,,2024-08-05,not determined,haploid,reference genome,Iridian Genomes,,
101497,species,Notothenia rossii,GCA_943590865.1,,,,fNotRos1,GCA_943590865.1,Perciformes,Actinopteri,NA,Scaffold,987'096'595,16'621,1'691'959,13'645,112,113'758,50'622,,,,primary,,2022-06-15,,haploid,,WELLCOME SANGER INSTITUTE,,
109905,species,Chelmon rostratus,GCA_037975115.1,,,,ASM3797511v1,GCA_037975115.1,Chaetodontiformes,Actinopteri,NA,Chromosome,637'417'433,317'973,25'929'763,563,12,9'741,5'878,24,,,primary,,2024-04-08,male,haploid,,BGI,,
110926,species,Cygnus columbianus,GCA_049176835.1,,,,ASM4917683v1,GCA_049176835.1,Anseriformes,Aves,NA,Scaffold,1'119'773'419,36'345,76'721'406,8'557,5,96'764,39'180,,,,primary,,2025-03-30,not determined,haploid,,Iridian Genomes,,
111125,species,Ranitomeya imitator,GCA_958301615.1,,,,R_imi_1.0,GCA_958301615.1,Anura,Amphibia,NA,Scaffold,6'023'662'647,308'637,389'727,4'792,3'830,83'600,79'800,,,,primary,,2023-07-19,likely male,haploid,,university of houston,,
111811,species,Caprimulgus europaeus,GCA_045788555.1,,,,ASM4578855v1,GCA_045788555.1,Caprimulgiformes,Aves,NA,Scaffold,1'181'907'329,33'097,37'902,10'368,9'543,265'689,259'209,,,,primary,,2024-12-06,missing,haploid,,Bird 10,000 Genomes (B10K) consortium,,
111821,species,Strix aluco,GCA_045787325.1,,,,ASM4578732v1,GCA_045787325.1,Strigiformes,Aves,NA,Scaffold,1'224'867'313,96'756,775'167,3'471,434,51'128,36'666,,,,primary,,2024-12-06,Unknown,haploid,,Bird 10,000 Genomes (B10K) consortium,,
113540,species,Scleropages formosus,GCA_001624245.1,PRJNA290061,,,ASM162424v1,GCA_001624245.1,Osteoglossiformes,Actinopteri,95.3,Scaffold,746'544'453,63'526,1'870'178,3'378,115,36'404,14'183,,1.28,,primary,,2016-04-20,male,haploid,,BGI-SZ,,
118200,species,Dryobates pubescens,GCA_000699005.1,PRJNA212874,,GCF_000699005.1,ASM69900v1,GCA_000699005.1,Piciformes,Aves,94.4,Scaffold,1'167'323'935,24'809,2'093'929,12'353,168,127'725,31'254,,3.71,primary,primary,,2014-06-06,female,haploid,,BGI,,
119627,species,Larus michahellis,GCA_045784605.1,,,,ASM4578460v1,GCA_045784605.1,Charadriiformes,Aves,NA,Scaffold,1'209'234'356,192'718,1'679'674,1'552,190,40'841,30'962,,,,primary,,2024-12-06,female,haploid,,Bird 10,000 Genomes (B10K) consortium,,
121530,species,Tauraco erythrolophus,GCA_000709365.1,PRJNA212908,,GCF_000709365.1,ASM70936v1,GCA_000709365.1,Musophagiformes,Aves,91.1,Scaffold,1'155'540'733,22'885,56'334,14'965,5'784,134'672,59'587,,0.53,primary,primary,,2014-06-25,male,haploid,,BGI,,
126797,species,Athene noctua,GCA_045787465.1,,,,ASM4578746v1,GCA_045787465.1,Strigiformes,Aves,NA,Scaffold,1'207'574'072,49'067,52'433,8'600,7'898,102'164,96'850,,,primary,primary,,2024-12-06,female,haploid,reference genome,Bird 10,000 Genomes (B10K) consortium,,
127875,species,Cinclus cinclus,GCA_045783075.1,,,,ASM4578307v1,GCA_045783075.1,Passeriformes,Aves,NA,Scaffold,1'048'960'818,169'066,12'360'210,1'666,23,36'209,24'993,,,,primary,,2024-12-06,female,haploid,,Bird 10,000 Genomes (B10K) consortium,,
132585,species,Anser brachyrhynchus,GCA_002592135.1,,,,ASM259213v1,GCA_002592135.1,Anseriformes,Aves,NA,Scaffold,1'116'992'394,97'462,4'974'386,3'034,63,28'533,2'723,,,,primary,,2017-10-19,male,haploid,,Aarhus University, Denmark,,
134920,species,Pungitius pungitius,GCA_003399555.1,PRJNA324574,,,ASM339955v1,GCA_003399555.1,Perciformes,Actinopteri,93,Scaffold,441'089'565,14'136,302'682,7'145,323,49'352,7'847,,14.51,,primary,,2018-08-16,male,haploid,,University of Utah,,
143292,species,Manis pentadactyla,GCA_014570555.1,,,GCF_014570555.1,YNU_ManPten_2.0,GCA_014570555.1,Pholidota,Mammalia,NA,Scaffold,2'399'643'910,151'937,7'836'868,4'136,90,33'490,4'693,,,primary,primary,,2020-09-15,missing,haploid,,Yunnan University,,
150449,species,Aulostomus maculatus,GCA_048301465.1,,GCA_048301465.1,,ASM4830146v1,GCA_048301465.1,Syngnathiformes,Actinopteri,NA,Chromosome,662'926'915,6'127'553,28'137'510,36,11,338,159,24,,primary,primary,,2025-03-03,unknown,haploid,reference genome,University of Copenhagen,6.7;6.C,
151761,species,Amazona ochrocephala,GCA_032360005.1,,,,ASM3236000v1,GCA_032360005.1,Psittaciformes,Aves,NA,Scaffold,1'035'161'551,910,18'360,224'045,16'984,665'252,181'923,,,,primary,,2023-10-04,not determined,haploid,,Iridian Genomes,,
152111,subspecies,Salvelinus alpinus,GCA_036784965.1,,GCA_036784965.1,,fSalAlp2_p1.0,GCA_036784965.1,Salmoniformes,Actinopteri,NA,Scaffold,2'129'014'997,1'203'068,58'852'000,463,10,4'403,1'168,,,,primary,,2024-02-23,female,haploid,,Canada's Genomic Enterprise,,
153643,species,Bucorvus abyssinicus,GCA_013398885.1,,,,ASM1339888v1,GCA_013398885.1,Bucerotiformes,Aves,NA,Scaffold,1'102'577'438,163'894,1'077'696,1'888,262,30'009,13'415,,,,primary,,2020-07-10,missing,haploid,,B10K Consortium,,
158456,species,Betta splendens,GCA_003650155.1,PRJNA416843,,,ASM365015v1,GCA_003650155.1,Anabantiformes,Actinopteri,96.6,Scaffold,456'232'186,38'053,19'754'490,3'147,10,35'779,12'333,,9.55,,primary,,2018-10-15,male,haploid,,BGI,,
161592,species,Syngnathus typhle,GCA_901007915.1,PRJEB32126,,,Syngnathus_typhle_assembly,GCA_901007915.1,Syngnathiformes,Actinopteri,94.1,Scaffold,314'580'961,25'809,3'046'963,3'106,30,24'711,914,,6.88,,primary,,2020-04-15,,haploid,,CEES,,
171736,species,Symphodus melops,GCA_900323315.1,PRJEB12469,,,ASM90032331v1,GCA_900323315.1,Labriformes,Actinopteri,77.8,Scaffold,533'823'763,9'362,21'275,15'952,6'829,95'080,50'156,,0.27,,primary,,2018-03-26,,haploid,,CEES,,
187106,species,Caloenas nicobarica,GCA_013398195.1,,,,ASM1339819v1,GCA_013398195.1,Columbiformes,Aves,NA,Scaffold,1'025'545'389,72'340,20'885'367,4'147,16,37'010,3'685,,,,primary,,2020-07-10,female,haploid,,B10K Consortium,,
187382,species,Chlamydotis macqueenii,GCA_011800025.1,,,,REN_Cmacq_2.0,GCA_011800025.1,Otidiformes,Aves,NA,Scaffold,1'206'946'485,88'943,3'046'415,3'811,125,42'239,5'856,,,,primary,,2020-03-31,male,haploid,,International Fund for Houbara Conservation,,
188344,species,Leptosomus discolor,GCA_000691785.1,PRJNA212897,,GCF_000691785.1,ASM69178v1,GCA_000691785.1,Coraciiformes,Aves,90.9,Scaffold,1'136'244'952,24'735,62'640,13'631,5'157,113'170,57'160,,0.25,primary,primary,,2014-05-23,male,haploid,,BGI,,
196075,species,Sprattus sprattus,GCA_041430245.1,,,,ASM4143024v1,GCA_041430245.1,Clupeiformes,Actinopteri,NA,Scaffold,785'504'377,998'411,23'438'440,226,12,1'397,524,,,,primary,,2024-08-22,male,haploid,,Uppsala University,,
197941,species,Clangula hyemalis,GCA_029619115.1,,,,ASM2961911v1,GCA_029619115.1,Anseriformes,Aves,NA,Scaffold,1'130'355'540,47'528,548'271,6'034,463,81'141,36'831,,,,primary,,2023-04-07,male,haploid,,Aarhus University,,
205130,species,Mastacembelus armatus,GCA_019455525.1,,,,Marm_hapY,GCA_019455525.1,Synbranchiformes,Actinopteri,NA,Chromosome,589'793'654,9'715'001,25'171'794,20,11,404,283,24,,,primary,,2021-08-09,male,haploid,,University of Vienna,6.7;6.C,
206126,species,Spinachia spinachia,GCA_048126635.1,,GCA_048126635.1,,SpiSpi1_v1.hap1,GCA_048126635.1,Perciformes,Actinopteri,NA,Chromosome,407'541'755,6'606'641,19'449'660,17,8,278,37,20,,primary,primary,,2025-02-27,unknown,haploid,reference genome,University of Copenhagen,6.7;6.C,
219594,species,Aythya fuligula,GCA_050125195.1,,,,ASM5012519v1,GCA_050125195.1,Anseriformes,Aves,NA,Scaffold,1'206'369'137,1'803,15'817'622,174'501,11,917'748,413'521,,,,primary,,2025-05-04,not determined,haploid,,Iridian Genomes,,
219752,species,Odontesthes bonariensis,GCA_014825785.1,PRJNA327688,,,GWU_Obon_1.1,GCA_014825785.1,Atheriniformes,Actinopteri,85.1,Scaffold,870'329'685,14'340,60'945,11'351,3'802,117'504,31'268,,22.07,,primary,,2020-09-30,male,haploid,,George Washington University,,
233779,species,Spea bombifrons,GCA_009364475.1,PRJNA529692,,,usc_Sbombifrons_0.1,GCA_009364475.1,Anura,Amphibia,3.7,Scaffold,765'304'928,522,522,464'028,464'029,1'629'902,1'629'896,,0,,primary,,2019-10-28,male,haploid,,University of Southern California,,
238744,species,Menidia menidia,GCA_965154125.1,,,,Mmenidia_refgenome_anchored.all_renamed_v2,GCA_965154125.1,Atheriniformes,Actinopteri,NA,Chromosome,620'052'835,44'269,18'326'025,2'869,15,91'976,42'058,24,,,primary,,2025-02-28,,haploid,,University of British Columbia,,
240206,species,Pterocles gutturalis,GCA_000699245.1,PRJNA212906,,GCF_000699245.1,ASM69924v1,GCA_000699245.1,Pterocliformes,Aves,89.4,Scaffold,1'069'324'295,26'448,49'530,12'048,6'164,107'160,58'607,,0.29,primary,primary,,2014-06-09,male,haploid,,BGI,,
243314,species,Hemiprocne comata,GCA_013396855.1,PRJNA545868,,,ASM1339685v1,GCA_013396855.1,Apodiformes,Aves,95,Scaffold,1'141'196'188,62'389,355'677,4'865,822,76'197,30'279,,1.8800000000000000,,primary,,2020-07-10,female,haploid,,B10K Consortium,,
286537,species,Coilia mystus,GCA_050626335.1,,,,SYSU_CMY_1.0,GCA_050626335.1,Clupeiformes,Actinopteri,NA,Chromosome,892'567'153,3'211'168,34'841'370,75,12,1'023,500,24,,,primary,,2025-05-30,male,haploid,,Sun Yat-sen University,6.7;6.C,
310571,species,Epinephelus lanceolatus,GCA_005281545.1,PRJNA516312,,GCF_005281545.1,ASM528154v1,GCA_005281545.1,Perciformes,Actinopteri,98.3,Chromosome,1'087'399'367,159'800,46'227'939,1'795,11,22'225,4'200,24,3.61,primary,primary,,2019-05-13,female,haploid,,Yellow Sea Fisheries Research Institute, Chinese Academy of Fishery Sciences,,
310915,species,Pangasianodon hypophthalmus,GCA_003671635.1,,,GCF_003671635.1,VN_pangasius,GCA_003671635.1,Siluriformes,Actinopteri,NA,Scaffold,715'760'110,62'522,14'288'580,3'254,18,23'339,567,,,primary,primary,,2018-10-23,male,haploid,,Institute of Genome Research, Vietnam Academy of Science and Technology,,
315492,species,Lateolabrax maculatus,GCA_004028665.1,,,,ASM402866v1,GCA_004028665.1,Acropomatiformes,Actinopteri,NA,Chromosome,586'070'130,268'459,25'018'904,640,11,5'016,24,24,,,primary,,2019-01-18,female,haploid,,Shenzhen research institute,,
345155,species,Falco biarmicus,GCA_024433245.1,,,,Lanner10X.pri,GCA_024433245.1,Falconiformes,Aves,NA,Scaffold,1'157'944'115,138'651,28'947'013,2'439,13,15'467,729,,,,primary,,2022-07-25,female,haploid,,New York University Abu Dhabi,,
345164,species,Falco cherrug,GCA_000337975.1,PRJNA168071,,GCF_000337975.1,F_cherrug_v1.0,GCA_000337975.1,Falconiformes,Aves,97,Scaffold,1'174'811'715,31'327,4'154'532,10'949,84,75'898,5'863,,2.02,primary,primary,,2013-02-05,male,haploid,,BGI,,
375764,species,Sphaeramia orbicularis,GCA_049176915.1,,,,ASM4917691v1,GCA_049176915.1,Kurtiformes,Actinopteri,NA,Scaffold,1'192'675'271,5'067,41'860'650,53'332,10,590'880,406'225,,,,primary,,2025-03-30,not determined,haploid,,Iridian Genomes,,
394691,species,Sebastes fasciatus,GCA_916700765.1,,,,S-fasciatus_KUI2796,GCA_916700765.1,Perciformes,Actinopteri,NA,Scaffold,796'284'246,47'978,67'600,4'812,3'372,55'869,44'608,,,,primary,,2021-11-12,,haploid,,UNIVERSITY OF CALIFORNIA AT BERKELEY,,
409849,species,Periophthalmus magnuspinnatus,GCA_026225835.1,,,,ASM2622583v1,GCA_026225835.1,Gobiiformes,Actinopteri,NA,Chromosome,734'219'741,2'555'495,32'152'602,82,11,1'082,241,25,,,primary,,2022-11-18,female,haploid,,Pisicola San Silvestre, ISAGEN,6.7;6.C,
439704,species,Porphyrio hochstetteri,GCA_035610435.1,,,,ASM3561043v1,GCA_035610435.1,Gruiformes,Aves,NA,Scaffold,1'116'516'923,40'764,87'420,7'446,3'640,76'199,30'270,,,,primary,,2024-01-12,male,haploid,,Massey University,,
443677,species,Neoarius graeffei,GCA_022956915.1,PRJNA728331,,,ASM2295691v1,GCA_022956915.1,Siluriformes,Actinopteri,9.1,Scaffold,920'289'825,2'203,2'221,127'562,126'279,526'238,522'611,,0.01,,primary,,2022-04-13,missing,haploid,,Iridian Genomes,,
452646,species,Neogale vison,GCA_900108605.1,PRJEB15663,GCA_900108605.1,,NNQGG.v01,GCA_900108605.1,Carnivora,Mammalia,93.3,Scaffold,2'447'189'291,32'336,6'814'223,20'101,103,143'887,7'175,,7.07,,primary,,2018-01-02,male,haploid,,Center for Quantitative Genetics and Genomics,,
454631,species,Rhamphochromis sp. chilingali,GCA_049997595.1,,,,fRhaChi2.0,GCA_049997595.1,Cichliformes,Actinopteri,NA,Contig,851'692'647,1'241'390,1'241'390,197,197,3'317,3'317,,,,primary,,2025-04-29,female,haploid,,University of Cambridge,,
473354,species,Borostomias antarcticus,GCA_900323325.1,PRJEB12469,,,ASM90032332v1,GCA_900323325.1,Stomiiformes,Actinopteri,31.6,Scaffold,430'362'827,3'928,5'368,33'035,22'752,133'045,104'734,,0.18,,primary,,2018-03-26,,haploid,,CEES,,
670352,species,Pluvialis apricaria,GCA_045783575.1,,,,ASM4578357v1,GCA_045783575.1,Charadriiformes,Aves,NA,Scaffold,1'268'097'143,63'435,1'783'715,5'144,184,93'176,71'579,,,,primary,,2024-12-06,female,haploid,,Bird 10,000 Genomes (B10K) consortium,,
1195602,species,Amblyopsis spelaea,GCA_027564775.1,,,,ASM2756477v1,GCA_027564775.1,Percopsiformes,Actinopteri,555081237,9698,11527,15700,10036,111176,99205,,,primary,primary,Scaffold,2023-01-03,not determined,haploid,reference genome,Iridian Genomes,,,1195602,species
1196302,species,Corvus moneduloides,GCA_013398675.1,,,,ASM1339867v1,GCA_013398675.1,Passeriformes,Aves,NA,Scaffold,1'056'525'328,331'397,4'457'534,905,65,11'978,2'993,,,,primary,,2020-07-10,female,haploid,,B10K Consortium,,
1323832,species,Calonectris borealis,GCA_013401115.1,PRJNA545868,,,ASM1340111v1,GCA_013401115.1,Procellariiformes,Aves,87.7,Scaffold,1'166'068'492,63'034,65'340,5'024,4'779,82'951,77'859,,0.04,,primary,,2020-07-10,female,haploid,,B10K Consortium,,
1566151,species,Willisornis vidua,GCA_029286905.1,,,,ASM2928690v1,GCA_029286905.1,Passeriformes,Aves,NA,Scaffold,1'085'501'054,19'858,1'139'183,14'396,240,127'355,38'469,,,,primary,,2023-03-20,female,haploid,,LNCC,,
2546036,species,Lampris incognitus,GCA_022059245.1,,,,ASM2205924v1,GCA_022059245.1,Lampriformes,Actinopteri,NA,Chromosome,1'367'434'603,3'708'147,61'105'648,88,8,1'583,808,22,,,primary,,2022-02-10,male,haploid,,South China Sea Institute of Oceanology, Chinese Academy of Sciences,6.7;6.C,
2767082,subspecies,Lycocorax pyrrhopterus,GCA_014706395.1,,,,ASM1470639v1,GCA_014706395.1,Passeriformes,Aves,NA,Scaffold,1'076'351'741,98'550,4'360'585,3'115,69,35'244,13'781,,,,primary,,2020-09-23,female,haploid,,Uppsala University,,
2939378,species,Oenanthe melanoleuca,GCA_029582105.1,,,GCF_029582105.1,OMel1.0,GCA_029582105.1,Passeriformes,Aves,NA,Chromosome,1'036'256'795,7'795'761,69'618'406,39,6,1'169,587,31,,primary,primary,,2023-04-06,male,haploid,,Swiss Ornithological Institute,6.7;6.C,
3053191,species,Stegostoma tigrinum,GCA_022316705.1,,,GCF_022316705.1,sSteFas1.1,GCA_022316705.1,Orectolobiformes,Chondrichthyes,NA,Chromosome,2'771'866'316,56'707,76'588'082,13'564,13,85'729,1'266,50,,primary,primary,,2022-02-17,female,haploid,,Squalomix,,
